{"$schema":"http://schema.management.azure.com/schemas/2015-01-01/deploymentTemplate.json#","contentVersion":"1.0.0.0","parameters":{"workspaceName":{"type":"string","metadata":"Workspace name","defaultValue":"synapsepoclrn"},"LS_ADB_INTCLUSTER":{"type":"string"},"LS_SQL_Config":{"type":"string"}},"variables":{"workspaceId":"[concat('Microsoft.Synapse/workspaces/', parameters('workspaceName'))]"},"resources":[{"name":"[concat(parameters('workspaceName'), '/PL_Generic_BronzeCuration_ADB')]","type":"Microsoft.Synapse/workspaces/pipelines","apiVersion":"2019-06-01-preview","properties":{"activities":[{"name":"Lookup Config Table","type":"Lookup","dependsOn":[],"policy":{"timeout":"0.12:00:00","retry":0,"retryIntervalInSeconds":30,"secureOutput":false,"secureInput":false},"userProperties":[],"typeProperties":{"source":{"type":"SqlServerSource","sqlReaderQuery":"/****** Script for SelectTopNRows command from SSMS  ******/\n SELECT distinct ctl.*\n  FROM [dbo].[IngestionLog] loging (nolock)\n  join [dbo].[ControlTableIntegrated] ctl on ctl.SourceServerName = loging.ServerName and ctl.SourceDBName = loging.DbName and ctl.SourceTableName = loging.TableName\n  where RunStatus='Sucess' \n  \n  and UpdateDate >= CAST(GETDATE() As Date) and ctl.CopyMode in ('WATERMARK',\n'CHANGE TRACKING','CDC') and IsActive='Yes'","queryTimeout":"02:00:00","partitionOption":"None"},"dataset":{"referenceName":"DS_SQL_Config","type":"DatasetReference","parameters":{}},"firstRowOnly":false}},{"name":"ForEachTableToBeCurated","type":"ForEach","dependsOn":[{"activity":"Lookup Config Table","dependencyConditions":["Succeeded"]}],"userProperties":[],"typeProperties":{"items":{"value":"@activity('Lookup Config Table').output.value","type":"Expression"},"batchCount":4,"activities":[{"name":"Execute Notebook","type":"DatabricksNotebook","dependsOn":[],"policy":{"timeout":"0.12:00:00","retry":0,"retryIntervalInSeconds":30,"secureOutput":false,"secureInput":false},"userProperties":[],"typeProperties":{"notebookPath":"/Autoloader/BronzeFromLanding/BronzeCurationExecutor","baseParameters":{"changeType":{"value":"@item().CopyMode","type":"Expression"},"landing_Container":{"value":"@item().StagingContainer","type":"Expression"},"bronze_Container":{"value":"@item().BronzeContainerName","type":"Expression"},"checkpoint_Container":"checkpointspark","bronze_Folder":{"value":"@concat(item().SourceServerName,'/',item().SourceTableName)","type":"Expression"},"primaryKeyColumn":{"value":"@item().DeltaColumnName","type":"Expression"},"watermarkKeyColumn":{"value":"@item().WaterMarkColumnName","type":"Expression"}}},"linkedServiceName":{"referenceName":"[parameters('LS_ADB_INTCLUSTER')]","type":"LinkedServiceReference"}}]}}],"policy":{"elapsedTimeMetric":{},"cancelAfter":{}},"annotations":[]},"dependsOn":["[concat(variables('workspaceId'), '/datasets/DS_SQL_Config')]"]},{"name":"[concat(parameters('workspaceName'), '/DS_SQL_Config')]","type":"Microsoft.Synapse/workspaces/datasets","apiVersion":"2019-06-01-preview","properties":{"linkedServiceName":{"referenceName":"[parameters('LS_SQL_Config')]","type":"LinkedServiceReference"},"annotations":[],"type":"SqlServerTable","schema":[{"name":"TableID","type":"int","precision":10},{"name":"SourceServerName","type":"varchar"},{"name":"SourceDBName","type":"varchar"},{"name":"SourceTableName","type":"varchar"},{"name":"SchemaName","type":"varchar"},{"name":"PartitionColumnName","type":"varchar"},{"name":"PartitionLowerBound","type":"varchar"},{"name":"PartitionUpperBound","type":"varchar"},{"name":"ADLSContainerName","type":"varchar"},{"name":"ADLSStoragePath","type":"varchar"},{"name":"ADLSArchivalPath","type":"varchar"},{"name":"CopyMode","type":"varchar"},{"name":"DeltaColumnName","type":"varchar"}],"typeProperties":{"schema":"dbo","table":"ControlTable"}},"dependsOn":[]}]}